,Unnamed: 0,ZIPCODE,lat,temp,humidity,cloudiness,STATE,Number of returns,Adjusted gross income (AGI),Avg AGI,Number of returns with total income,Total income amount,Avg total income,Number of returns with taxable income,Taxable income amount,Avg taxable income
0,0,85032,33.62,52.52,37,0.01,AZ,30550,1431437,46.85554828,30550,1452036,47.52981997,22860,912702,39.92572178
1,1,85225,33.31,52.3,99,0.4,AZ,30490,1460035,47.88570023,30490,1475963,48.40810102,23580,923112,39.1480916
2,2,85308,33.66,52.52,37,0.01,AZ,29840,1865425,62.51424263,29840,1892121,63.408880700000005,24710,1279699,51.78870902
3,3,85364,32.72,61.72,16,0.0,AZ,27620,1163158,42.11288921,27620,1176616,42.60014482,18780,666360,35.48242812
4,4,85710,32.2,49.98,57,0.01,AZ,25630,1037087,40.46379243,25630,1048470,40.90792041,19600,626596,31.96918367
5,5,90003,33.97,60.06,20,0.01,CA,26180,612733,23.40462185,26180,618848,23.638197100000003,13410,196510,14.65398956
6,6,90004,34.09,59.85,20,0.01,CA,27360,1617768,59.12894737,27360,1649431,60.28622076,18590,1070238,57.57062937
7,7,90011,33.99,60.06,20,0.01,CA,36670,857731,23.39053722,36670,864961,23.58770112,18630,265130,14.23134729
8,8,90019,34.09,59.85,20,0.01,CA,28700,1273919,44.3874216,28700,1295666,45.14515679,19870,772287,38.86698541
9,9,90022,34.02,60.1,20,0.01,CA,26680,761847,28.55498501,26680,767484,28.76626687,16160,313083,19.37394802
10,10,90025,34.02,59.85,44,0.01,CA,25110,3949010,157.268419,25110,4019082,160.05902030000001,21260,3009702,141.56641580000002
11,11,90026,34.05,60.06,20,0.01,CA,31140,1376117,44.19129737,31140,1399546,44.94367373,22540,864717,38.3636646
12,12,90034,34.07,59.85,20,0.01,CA,29950,1791806,59.82657763,29950,1828572,61.05415693,24200,1248201,51.57855372
13,13,90042,34.11,60.1,20,0.01,CA,26760,1155619,43.18456652,26760,1171845,43.79091928,19380,676509,34.90758514
14,14,90044,33.96,60.06,20,0.01,CA,35790,918792,25.67175189,35790,926787,25.89513831,19700,349915,17.76218274
15,15,90046,34.09,59.85,20,0.01,CA,27380,2252457,82.2665084,27380,2307707,84.28440467,22870,1663943,72.75658067
16,16,90066,34.0,60.03,44,0.01,CA,28130,2176462,77.37156061,28130,2225044,79.09861358,22910,1553820,67.82278481
17,17,90201,33.97,60.1,20,0.01,CA,37490,1032857,27.55020005,37490,1040979,27.76684449,22440,397108,17.69643494
18,18,90250,33.91,59.9,20,0.01,CA,42350,1727925,40.80106257,42350,1744745,41.19822904,30410,955686,31.42670174
19,19,90255,33.98,60.06,20,0.01,CA,30240,841230,27.81845238,30240,847767,28.03462302,17930,322174,17.96843279
20,20,90262,33.93,60.06,20,0.01,CA,26830,802057,29.89403653,26830,808022,30.11636228,16960,319829,18.85784198
21,21,90280,33.93,60.06,20,0.01,CA,39260,1260674,32.11090168,39260,1270489,32.36090168,25530,552357,21.63560517
22,22,90631,33.93,59.9,20,0.01,CA,30780,1816457,59.01419753,30780,1842583,59.86299545,23510,1131990,48.14929817
23,23,90640,34.02,60.1,20,0.01,CA,28070,1173997,41.82390452,28070,1185590,42.23690773,20120,653027,32.45661034
24,24,90650,33.91,60.1,20,0.01,CA,44600,1807048,40.5167713,44600,1821160,40.83318386,33050,945323,28.60281392
25,25,90660,33.98,60.1,20,0.01,CA,27940,1097713,39.28822477,27940,1105732,39.57523264,20550,567467,27.61396594
26,26,90706,33.88,60.1,20,0.01,CA,33030,1372275,41.54632153,33030,1384268,41.90941568,24190,748207,30.930425800000002
27,27,90731,33.75,60.08,36,0.05,CA,25660,1275186,49.69547935,25660,1290117,50.27735776,18830,782182,41.53913967
28,28,90745,33.81,60.06,20,0.01,CA,26570,1215093,45.73176515,26570,1224408,46.08234851,20010,678972,33.93163418
29,29,90805,33.84,60.06,20,0.01,CA,39240,1336273,34.05384811,39240,1346380,34.31141692,26230,632387,24.10930233
30,30,91331,34.28,58.87,22,0.01,CA,41580,1316307,31.65721501,41580,1327510,31.92664743,27390,590143,21.54592917
31,31,91335,34.24,58.44,23,0.01,CA,33000,1328724,40.26436364,33000,1346410,40.80030303,23230,731780,31.50150667
32,32,91342,34.28,58.87,22,0.01,CA,39080,1708788,43.72538383,39080,1725431,44.15125384,28760,930274,32.346105699999995
33,33,91402,34.28,58.87,22,0.01,CA,27480,845786,30.77823872,27480,854146,31.08245997,17270,384547,22.26676317
34,34,91702,34.13,59.9,20,0.01,CA,25050,1027936,41.03536926,25050,1038119,41.44187625,17700,552493,31.21429379
35,35,91706,34.09,59.9,20,0.01,CA,32340,1089986,33.70395795,32340,1101394,34.05670996,21700,512602,23.62221198
36,36,91709,33.97,59.72,20,0.01,CA,33470,2670963,79.80170302,33470,2712703,81.04878996,27480,1763249,64.16481077
37,37,91710,34.01,59.9,20,0.01,CA,32820,1690502,51.50828763,32820,1710371,52.11368068,24980,991940,39.70936749
38,38,91730,34.1,59.36,20,0.01,CA,29260,1526966,52.1861244,29260,1545443,52.81760082,23240,935711,40.26295181
39,39,91744,34.02,59.9,20,0.01,CA,35960,1210782,33.67024472,35960,1220355,33.93645717,24110,562948,23.34914973
40,40,91761,34.05,60.03,20,0.01,CA,25500,1163864,45.64172549,25500,1177688,46.18384314,18780,646940,34.44834931
41,41,91766,34.06,59.76,20,0.01,CA,27970,1039249,37.15584555,27970,1049937,37.53796925,18260,518450,28.39266156
42,42,91770,34.07,60.1,20,0.01,CA,27900,994977,35.66225806,27900,1009456,36.18121864,18060,531335,29.42054264
43,43,91910,32.64,62.04,14,0.05,CA,35940,1772151,49.30859766,35940,1791151,49.83725654,27230,1068184,39.22820419
44,44,91911,32.61,62.19,14,0.05,CA,38820,1554276,40.03802164,38820,1566167,40.34433282,28060,833107,29.69019957
45,45,91977,32.71,62.04,14,0.05,CA,26150,1195042,45.69950287,26150,1206664,46.14393881,19760,687530,34.79402834
46,46,92021,32.81,61.84,14,0.05,CA,28610,1371408,47.93456833,28610,1386729,48.47008039,21030,825068,39.23290537
47,47,92056,33.2,61.54,100,0.01,CA,25670,1479653,57.64133229,25670,1499463,58.41305025,20590,950917,46.18343856
48,48,92057,33.23,61.54,100,0.01,CA,25920,1428896,55.12716049,25920,1444982,55.74776235,20260,875820,43.2290227
49,49,92105,32.74,61.84,14,0.05,CA,28050,825662,29.43536542,28050,833924,29.72991087,17380,379286,21.82313003
50,50,92109,32.78,61.84,14,0.05,CA,25700,1829663,71.19311284,25700,1866412,72.62303502,22360,1351911,60.46113596
51,51,92114,32.7,62.04,14,0.05,CA,29800,1174169,39.401644299999994,29800,1181955,39.66291946,21860,624157,28.55247027
52,52,92117,32.83,61.84,14,0.05,CA,26300,1582574,60.17391635,26300,1606307,61.07631179,21350,1063407,49.8082904
53,53,92126,32.9,61.84,14,0.05,CA,34840,2133097,61.22551665,34840,2153853,61.82126866,28990,1423179,49.09206623
54,54,92154,32.58,62.19,14,0.05,CA,38790,1559509,40.20389276,38790,1571789,40.52046919,27960,823406,29.44942775
55,55,92335,34.09,59.14,20,0.01,CA,37770,1151005,30.47405348,37770,1160442,30.72390786,23790,476303,20.02114334
56,56,92336,34.13,59.14,20,0.01,CA,37860,1999143,52.80356577,37860,2018527,53.31555732,29090,1108144,38.09364043
57,57,92345,34.43,57.58,20,0.01,CA,28730,1083972,37.72962061,28730,1095534,38.13205708,18560,551314,29.704418100000005
58,58,92376,34.11,59.0,20,0.01,CA,32800,1069306,32.60079268,32800,1077431,32.8485061,21640,473159,21.86501848
59,59,92503,33.92,60.03,20,0.01,CA,35230,1651721,46.88393415,35230,1669769,47.39622481,25710,911477,35.45223648
60,60,92509,34.01,59.25,20,0.01,CA,30020,1173562,39.09267155,30020,1184765,39.465856099999996,20720,593034,28.62133205
61,61,92553,33.94,59.85,16,0.01,CA,28000,897962,32.07007143,28000,905166,32.32735714,18020,396843,22.02236404
62,62,92562,33.59,59.97,16,0.01,CA,25890,1805455,69.73561221,25890,1836199,70.92309772,20630,1154715,55.9726127
63,63,92592,33.49,60.26,16,0.01,CA,30790,2380041,77.29915557,30790,2412256,78.34543683,25290,1555333,61.49992092
64,64,92627,33.65,60.04,20,0.01,CA,29240,1617730,55.32592339,29240,1647704,56.35102599,21740,1041690,47.91582337
65,65,92630,33.65,60.21,20,0.01,CA,29790,2025784,68.00214837,29790,2055814,69.01020477,23880,1346414,56.38249581
66,66,92646,33.68,59.95,20,0.01,CA,27980,2310636,82.58170122,27980,2349463,83.96937098,23420,1602280,68.41502989
67,67,92647,33.72,59.95,20,0.01,CA,27400,1681816,61.38014599,27400,1705077,62.22908759,21610,1102652,51.02508098
68,68,92677,33.52,60.21,16,0.01,CA,30800,3480508,113.0035065,30800,3555784,115.4475325,25330,2509419,99.06904856
69,69,92683,33.74,59.95,20,0.01,CA,40920,1862276,45.51016618,40920,1887629,46.12974096,28370,1093625,38.54864293
70,70,92703,33.73,59.79,20,0.01,CA,27050,772941,28.57452865,27050,779034,28.79977819,16150,305950,18.94427245
71,71,92704,33.73,59.79,20,0.01,CA,38530,1351741,35.08281858,38530,1365544,35.44105892,25610,658239,25.70242093
72,72,92707,33.71,60.01,20,0.01,CA,27030,951233,35.19174991,27030,959519,35.49829819,18260,452533,24.78274918
73,73,92708,33.71,59.79,20,0.01,CA,26950,1981891,73.53955473,26950,2013156,74.69966605,21650,1332991,61.57002309
74,74,92780,33.75,59.81,20,0.01,CA,26130,1373004,52.54512055,26130,1392790,53.30233448,19830,841486,42.43499748
75,75,92801,33.86,59.95,20,0.01,CA,27090,991045,36.58342562,27090,999985,36.91343669,18630,500192,26.84873859
76,76,92804,33.81,59.95,20,0.01,CA,36230,1437041,39.66439415,36230,1451300,40.05796301,25470,769659,30.21825677
77,77,92805,33.83,59.9,20,0.01,CA,30090,1106935,36.78747092,30090,1116876,37.11784646,20350,546665,26.86314496
78,78,92880,33.93,59.97,20,0.01,CA,26550,1833291,69.05050847,26550,1854644,69.8547646,21550,1101576,51.11721578
79,79,92882,33.82,60.15,20,0.01,CA,28120,1614250,57.40576102,28120,1633123,58.07692034,21610,966867,44.74164739
80,80,93030,34.2,58.64,58,0.4,CA,25980,1066021,41.03237105,25980,1075285,41.38895304,17590,531492,30.21557703
81,81,93033,34.16,58.32,58,0.4,CA,37350,1210757,32.41651941,37350,1216862,32.57997323,23810,489606,20.56304074
82,82,93063,34.3,58.24,23,0.01,CA,26000,1788573,68.79126923,26000,1814899,69.80380769,21300,1170929,54.97319249
83,83,93065,34.27,59.22,58,0.4,CA,33690,2516019,74.68147818,33690,2554211,75.81510834,27200,1672687,61.49584559
84,84,93257,36.07,53.6,50,0.01,CA,25960,988922,38.0940678,25960,1000140,38.52619414,16940,501574,29.60885478
85,85,93274,36.21,53.91,54,0.2,CA,25510,1126324,44.15225402,25510,1150588,45.10341043,17240,609563,35.3574826
86,86,93306,35.39,53.58,43,0.01,CA,26430,1321556,50.0021188,26430,1338838,50.65599697,19030,779775,40.97609038
87,87,93307,35.32,50.92,43,0.01,CA,29470,911172,30.91862911,29470,919894,31.21459111,17450,387275,22.19340974
88,88,93535,34.67,52.03,20,0.01,CA,27440,937373,34.16082362,27440,945770,34.46683673,16480,451546,27.39963592
89,89,93536,34.73,51.04,21,0.01,CA,27180,1654580,60.87490802,27180,1673285,61.56309787,21050,1038738,49.34622328
90,90,93550,34.5,55.74,20,0.01,CA,28460,926745,32.56307098,28460,936993,32.92315531,17090,426240,24.94090111
91,91,93722,36.84,54.81,46,0.01,CA,31930,1393799,43.65170686,31930,1410741,44.18230504,23070,782230,33.90680537
92,92,93727,36.75,54.63,46,0.01,CA,27510,1137213,41.33816794,27510,1151501,41.85754271,18970,618670,32.61307327
93,93,93905,36.68,55.38,70,0.01,CA,27950,838801,30.01076923,27950,842741,30.15173524,16620,282164,16.97737665
94,94,94015,37.69,55.22,54,0.75,CA,31120,1851553,59.49720437,31120,1871710,60.14492288,25920,1233958,47.60640432
95,95,94080,37.65,54.91,54,0.75,CA,33260,2336584,70.25207456,33260,2360679,70.97651834,27630,1604596,58.07441187
96,96,94087,37.37,55.4,47,0.4,CA,25140,3586907,142.6772872,25140,3627708,144.3002387,21880,2805567,128.2251828
97,97,94109,37.78,55.4,58,0.01,CA,32640,3605992,110.47769609999999,32640,3657559,112.05756740000001,28800,2857057,99.20336806
98,98,94110,37.78,55.4,58,0.01,CA,39300,3575820,90.98778626,39300,3632239,92.42338422,33130,2746356,82.89634772
99,99,94112,37.71,55.22,54,0.75,CA,41780,2115791,50.64123983,41780,2144017,51.31682623,31960,1348831,42.2037234
100,100,94122,37.78,55.4,58,0.01,CA,31270,2401961,76.8135913,31270,2446640,78.24240486,26530,1781285,67.14229175
101,101,94501,37.77,55.69,58,0.75,CA,31010,2329808,75.13086101,31010,2372959,76.52237988,25850,1659773,64.207853
102,102,94509,38.0,55.27,43,0.75,CA,27330,1270816,46.49893889,27330,1282075,46.91090377,20300,751217,37.00576355
103,103,94513,37.93,55.63,43,0.75,CA,25170,1987725,78.97199046,25170,2012403,79.95244338,20730,1318813,63.61857212
104,104,94533,38.25,54.43,46,0.4,CA,31610,1514674,47.91755773,31610,1527661,48.32840873,23930,896316,37.45574593
105,105,94536,37.57,55.4,43,0.75,CA,31210,2738242,87.73604614,31210,2768443,88.70371676,26420,1968371,74.50306586
106,106,94538,37.55,55.4,43,0.75,CA,28980,2116854,73.04534161,28980,2138804,73.80276052,24220,1489652,61.50503716
107,107,94541,37.67,55.85,50,0.75,CA,28690,1398550,48.74695016,28690,1412907,49.24736842,22140,844859,38.15984643
108,108,94544,37.65,55.85,50,0.75,CA,34180,1574008,46.05055588,34180,1587487,46.4449093,26130,916519,35.075354
109,109,94558,38.43,53.96,46,0.4,CA,31930,2553889,79.98399624,31930,2609616,81.72928281,26230,1759695,67.08711399
110,110,94565,38.02,55.17,43,0.75,CA,38760,1786042,46.07951496,38760,1801461,46.47732198,28940,1027988,35.52135453
111,111,94587,37.61,55.4,50,0.75,CA,33110,2293697,69.27505285,33110,2317609,69.99725159,26890,1544869,57.45143176
112,112,94591,38.09,54.5,58,0.01,CA,26220,1607706,61.31601831,26220,1622433,61.87768879,21560,1041673,48.31507421
113,113,94806,37.97,55.26,58,0.01,CA,26430,1154939,43.69803254,26430,1164828,44.07219069,20140,661018,32.82115194
114,114,95014,37.32,55.4,47,0.4,CA,25420,4503718,177.1722266,25420,4558053,179.30971680000002,22150,3526699,159.2189165
115,115,95020,37.03,56.32,57,0.01,CA,25640,1839541,71.7449688,25640,1865974,72.77589704,19700,1197585,60.79111675
116,116,95035,37.43,55.4,47,0.4,CA,32300,2679062,82.94309598,32300,2706482,83.79201238,26920,1917099,71.21467311
117,117,95051,37.37,55.4,47,0.4,CA,26600,2534356,95.27654135,26600,2559066,96.20548872,22850,1902804,83.27369803
118,118,95076,36.91,56.32,57,0.01,CA,35830,1673127,46.69626012,35830,1697701,47.38210996,24810,923217,37.211487299999995
119,119,95111,37.29,55.4,57,0.01,CA,26790,1160156,43.30556178,26790,1169974,43.67204181,19460,648622,33.33103803
120,120,95122,37.32,55.4,57,0.01,CA,26210,943831,36.01033957,26210,950394,36.26074018,18640,473395,25.39672747
121,121,95123,37.26,55.54,57,0.01,CA,30000,2250494,75.01646667,30000,2274745,75.82483333,25200,1554726,61.69547619
122,122,95125,37.3,55.4,57,0.01,CA,25060,3151928,125.77525940000001,25060,3203725,127.8421788,21560,2373609,110.0931818
123,123,95127,37.38,55.4,57,0.01,CA,28330,1505169,53.12986234,28330,1519130,53.62266149,21610,911084,42.16029616
124,124,95206,37.94,54.88,59,0.75,CA,25000,849311,33.97244,25000,855411,34.216440000000006,16160,388764,24.05717822
125,125,95608,38.62,53.46,60,0.75,CA,27210,1896531,69.69977949,27210,1929998,70.92973172,21640,1302218,60.17643253
126,126,95624,38.42,54.16,35,0.75,CA,26570,1725624,64.94633045,26570,1747634,65.77470832,21410,1118657,52.24927604
127,127,95630,38.65,52.45,60,0.75,CA,30120,2820677,93.64797477,30120,2866231,95.16039177,26070,2000088,76.71990794
128,128,95687,38.36,54.34,46,0.4,CA,27290,1651799,60.52762917,27290,1666756,61.07570539,22820,1080228,47.33689746
129,129,95747,38.75,52.61,35,0.75,CA,25790,2142059,83.05773556,25790,2169115,84.10682435,22060,1457999,66.09242974
130,130,95758,38.42,54.21,46,0.4,CA,27400,1694942,61.85919708,27400,1715901,62.62412409,22340,1104230,49.42837959
131,131,95823,38.5,53.44,60,0.75,CA,28960,945542,32.64993094,28960,953764,32.93383978,18640,459765,24.66550429
132,132,80013,39.62,34.23,34,0.2,CO,34240,1788081,52.22199182,34240,1807827,52.79868575,28330,1153368,40.71189552
133,133,80015,39.62,34.23,34,0.2,CO,30100,2087423,69.34960133,30100,2117761,70.35750831,25410,1454459,57.23963007
134,134,80134,39.47,34.52,29,0.75,CO,27800,2743023,98.66989209,27800,2785706,100.2052518,24280,2049746,84.42116969
135,135,80219,39.66,35.35,34,0.2,CO,27460,862110,31.39512017,27460,869956,31.68084487,17420,405900,23.30080367
136,136,80525,40.55,42.06,16,0.01,CO,25490,1729941,67.86743821,25490,1763676,69.19089839,21160,1245480,58.86011342
137,137,80634,40.42,39.38,34,0.2,CO,25260,1528440,60.50831354,25260,1554038,61.52169438,20640,1035417,50.16555233
138,138,19702,39.63,38.52,69,0.75,DE,25480,1432827,56.23339874,25480,1445102,56.71514914,20820,956152,45.924687799999994
139,139,19720,39.59,38.61,69,0.9,DE,28430,1251152,44.00816039,28430,1260485,44.33644038,22060,761647,34.52615594
140,140,20002,38.9,38.46,86,0.9,DC,31080,2053439,66.06946589,31080,2082653,67.00942728,25820,1489202,57.67629744
141,141,20009,38.9,38.46,86,0.9,DC,31180,2719073,87.20567672,31180,2769945,88.83723541,27960,2144697,76.70590129
142,142,20011,38.96,38.32,86,0.9,DC,36150,1864152,51.56713693,36150,1884780,52.13775934,28280,1204117,42.57839463
143,143,20019,38.89,38.12,86,0.9,DC,26550,908920,34.23427495,26550,914774,34.454764600000004,18460,475765,25.772751899999996
144,144,32162,28.93,85.59,51,0.2,FL,27290,2401382,87.99494320000001,27290,2433637,89.17687798,22770,1819452,79.90566535
145,145,32210,30.26,75.6,73,0.75,FL,28050,1373702,48.97333333,28050,1389951,49.55262032,19840,902604,45.49415323
146,146,32218,30.43,72.14,73,0.75,FL,26210,1120153,42.73761923,26210,1129451,43.09236932,19640,661644,33.6885947
147,147,32225,30.38,72.16,100,0.9,FL,26720,1647302,61.65052395,26720,1666058,62.35247006,21840,1153679,52.82413004
148,148,32244,30.24,75.58,73,0.75,FL,27350,1055171,38.5802925,27350,1064211,38.91082267,20400,613238,30.06068627
149,149,32765,28.65,84.18,65,0.75,FL,25570,1686681,65.96327728,25570,1710118,66.87985921,20710,1203230,58.098986
150,150,32822,28.5,85.6,65,0.75,FL,27280,760257,27.86865836,27280,767726,28.14244868,17850,372081,20.84487395
151,151,32825,28.57,84.79,65,0.75,FL,26480,1110159,41.92443353,26480,1122325,42.38387462,19550,680680,34.8173913
152,152,32828,28.56,84.36,65,0.75,FL,26580,1559088,58.65643341,26580,1579025,59.40650865,20960,1063800,50.75381679
153,153,32837,28.38,86.22,45,0.75,FL,25160,1129411,44.88914944,25160,1142529,45.41053259,18600,712512,38.30709677
154,154,32839,28.47,86.59,45,0.75,FL,25440,671575,26.39838836,25440,678263,26.66128145,15410,314138,20.3853342
155,155,33012,25.87,82.4,54,0.9,FL,35360,967498,27.36136878,35360,978293,27.66665724,21490,435463,20.26351792
156,156,33015,25.95,82.4,69,0.9,FL,30480,1124883,36.90561024,30480,1136723,37.29406168,21360,625451,29.28141386
157,157,33023,25.98,82.22,69,0.9,FL,33530,1009861,30.11813302,33530,1019317,30.40014912,21390,494659,23.12571295
158,158,33024,26.03,82.22,69,0.9,FL,35380,1521732,43.01107971,35380,1536915,43.44022046,25580,935589,36.57501955
159,159,33025,25.97,82.4,69,0.9,FL,31630,1246767,39.41723048,31630,1259666,39.82503952,23100,720546,31.19246753
160,160,33027,26.04,82.22,69,0.9,FL,27550,1705274,61.89742287,27550,1723937,62.57484574,21050,1151081,54.683182900000006
161,161,33063,26.24,82.26,74,0.01,FL,25990,1028284,39.56460177,25990,1039944,40.01323586,18940,615114,32.47697994
162,162,33064,26.28,82.04,74,0.4,FL,26270,1421661,54.11728207,26270,1441943,54.88934145,17170,990490,57.68724520000001
163,163,33065,26.3,82.04,74,0.4,FL,25600,1067917,41.71550781,25600,1081283,42.23761719,17760,642447,36.17381757
164,164,33068,26.21,82.06,74,0.01,FL,25320,717197,28.32531596,25320,724550,28.615718800000003,16010,336547,21.02104934
165,165,33157,25.61,82.65,69,0.9,FL,30530,1758233,57.59033737,30530,1779424,58.28444153,21150,1213278,57.36539007
166,166,33161,25.89,82.4,69,0.9,FL,27380,743546,27.15653762,27380,751446,27.44506939,16000,355455,22.2159375
167,167,33165,25.73,82.38,69,0.9,FL,28450,1139759,40.06182777,28450,1152616,40.51374341,18800,698708,37.16531915
168,168,33175,25.76,82.38,69,0.9,FL,27360,1164014,42.54437135,27360,1178062,43.05782164,18950,714818,37.72126649
169,169,33177,25.59,82.69,69,0.9,FL,25880,871513,33.67515456,25880,880814,34.03454405,16900,452140,26.75384615
170,170,33186,25.67,82.65,69,0.9,FL,33090,1658080,50.10818979,33090,1678589,50.72798429,24790,1083910,43.723678899999996
171,171,33311,26.13,82.04,74,0.01,FL,33210,842649,25.3733514,33210,850087,25.59732008,18600,378957,20.37403226
172,172,33312,26.09,82.08,74,0.01,FL,25530,1163092,45.55785351,25530,1179173,46.18773991,17500,761465,43.51228571
173,173,33313,26.16,82.06,74,0.01,FL,28390,715140,25.18985558,28390,722166,25.43733709,16540,311101,18.80900846
174,174,33411,26.67,81.63,74,0.01,FL,32450,1892300,58.31432974,32450,1916850,59.07087827,25120,1280890,50.99084395
175,175,33414,26.65,81.63,74,0.01,FL,25850,2454650,94.95744681,25850,2492705,96.42959381,20360,1839960,90.37131631
176,176,33463,26.61,81.73,74,0.01,FL,26000,998394,38.39976923,26000,1010198,38.85376923,17510,568411,32.46207881
177,177,33511,27.94,84.6,58,0.75,FL,25160,1245244,49.49300477,25160,1260581,50.10258347,19870,827504,41.64589834
178,178,33647,28.15,84.65,58,0.75,FL,27360,2340752,85.55380117,27360,2374516,86.78786550000001,22530,1782971,79.1376387
179,179,34711,28.57,86.74,45,0.01,FL,25730,1476354,57.378701899999996,25730,1493789,58.05631558,20250,992278,49.00138272
180,180,34953,27.29,83.82,58,0.4,FL,28410,1181270,41.57937346,28410,1193760,42.01900739,20860,685217,32.84837009
181,181,30004,34.11,49.15,93,0.9,GA,25400,3158437,124.34791340000001,25400,3201597,126.047126,21030,2436920,115.87826909999998
182,182,30022,34.02,48.34,93,0.9,GA,29040,3492475,120.2642906,29040,3545090,122.07610190000001,23870,2674239,112.033473
183,183,30024,34.03,47.3,93,0.9,GA,30880,3013489,97.58707902,30880,3054848,98.92642487,25210,2192978,86.98841729
184,184,30040,34.22,48.22,93,0.9,GA,26500,2146882,81.01441509,26500,2174875,82.07075472,21320,1501681,70.43531895
185,185,30041,34.22,48.22,93,0.9,GA,25470,2502081,98.23639576,25470,2540215,99.73360817,20890,1841450,88.14983246
186,186,30043,34.01,47.52,93,0.9,GA,37140,2025689,54.54197631,37140,2051572,55.23887991,27680,1290513,46.62257948
187,187,30044,33.94,47.3,93,0.9,GA,39580,1585188,40.05022739,39580,1605930,40.57427994,26370,886211,33.60678802
188,188,30047,33.87,47.71,93,0.9,GA,28380,1535675,54.11116984,28380,1557644,54.88527132,20240,979830,48.41057312
189,189,30052,33.84,47.61,93,0.9,GA,27600,1414032,51.23304348,27600,1429870,51.80688406,20920,851811,40.71754302
190,190,30062,33.95,50.14,93,0.9,GA,29860,2620254,87.7513061,29860,2661851,89.14437374,24040,1915433,79.67691348
191,191,30066,34.1,50.0,93,0.9,GA,26530,1938404,73.06460611,26530,1965481,74.08522427,21300,1370617,64.34821596
192,192,30080,33.88,49.86,93,0.9,GA,26930,1738417,64.5531749,26930,1765336,65.55276643,20930,1224165,58.48853321
193,193,30096,33.99,48.2,93,0.9,GA,31730,1502243,47.3445635,31730,1524707,48.05253703,22340,939171,42.03988362
194,194,30101,34.07,50.68,92,0.9,GA,25280,1839135,72.75059335,25280,1862279,73.66609968,20180,1265494,62.71030723
195,195,30127,33.86,49.84,97,0.9,GA,27650,1612312,58.31146474,27650,1629520,58.93381555,21030,1037027,49.31179268
196,196,30135,33.7,50.32,93,0.9,GA,28050,1456899,51.93935829,28050,1471902,52.47422460000001,20910,892380,42.67718795
197,197,30188,34.1,50.0,93,0.9,GA,26600,1733602,65.17300752,26600,1756776,66.04421053,21430,1174703,54.81581895
198,198,30263,33.36,53.1,93,0.9,GA,25010,1253304,50.11211515,25010,1266741,50.64938025,17700,754227,42.61169492
199,199,30281,33.54,49.68,93,0.9,GA,30180,1332025,44.13601723,30180,1345564,44.58462558,22030,773779,35.12387653
200,200,30331,33.75,50.0,93,0.9,GA,25270,1025196,40.56968738,25270,1036418,41.01377127,16940,580804,34.28595041
201,201,30349,33.6,50.0,93,0.9,GA,33730,1177163,34.89958494,33730,1189391,35.26211088,21820,604609,27.70893676
202,202,31907,32.48,74.44,88,0.9,GA,26470,879985,33.24461655,26470,888184,33.55436343,18110,447174,24.69210381
203,203,96706,21.32,76.08,65,0.01,HI,30070,1644178,54.67835052,30070,1657633,55.12580645,24750,1002066,40.48751515
204,204,96744,21.42,76.14,83,0.75,HI,27760,1814938,65.37961095,27760,1838252,66.21945245,23250,1247486,53.65531183
205,205,96789,21.45,76.1,69,0.01,HI,26290,1824494,69.39878281,26290,1842377,70.07900342,22720,1238920,54.52992958
206,206,96797,21.39,76.1,69,0.01,HI,35840,1727634,48.20407366,35840,1741038,48.5780692,28280,1049175,37.09954031
207,207,96816,21.3,76.1,65,0.2,HI,26560,1948474,73.36121988,26560,1984228,74.70737952,21760,1418416,65.18455882
208,208,96817,21.3,76.1,65,0.2,HI,27910,1390236,49.81139377,27910,1411511,50.57366535,20560,915825,44.54401751
209,209,60004,42.08,36.52,93,0.9,IL,26790,2451038,91.49078014,26790,2487612,92.85599104,21890,1814185,82.87734125
210,210,60016,42.04,36.81,93,0.9,IL,31690,1640528,51.76800252,31690,1659793,52.375923,24360,1054308,43.28029557
211,211,60056,42.07,36.81,93,0.9,IL,29110,1835917,63.06825833,29110,1858679,63.85018894,22290,1226645,55.0311799
212,212,60073,42.37,35.22,100,0.9,IL,26670,1333186,49.98822647,26670,1344238,50.40262467,20100,795055,39.55497512
213,213,60085,42.35,35.62,91,0.9,IL,31230,1048974,33.58866475,31230,1056636,33.83400576,20120,509517,25.32390656
214,214,60148,41.88,36.95,93,0.9,IL,26810,1722342,64.24252145,26810,1742833,65.00682581,21760,1174789,53.98846507
215,215,60402,41.84,37.04,93,0.9,IL,28960,1194004,41.22941989,28960,1205133,41.61370856,21350,684425,32.05737705
216,216,60440,41.7,36.75,100,0.9,IL,25100,1257715,50.10816733,25100,1268963,50.55629482,18910,756642,40.01279746
217,217,60453,41.71,37.08,100,0.9,IL,28840,1567122,54.33848821,28840,1583446,54.90450763,22590,1032749,45.71708721
218,218,60505,41.76,36.5,93,0.9,IL,26010,793960,30.52518262,26010,798849,30.71314879,16170,343271,21.22888064
219,219,60608,41.88,36.57,93,0.9,IL,30240,1107641,36.62833995,30240,1121224,37.07751323,20220,632119,31.26206726
220,220,60613,42.01,36.91,93,0.9,IL,29150,2469238,84.70799314,29150,2512233,86.18295026,25850,1947911,75.35439072
221,221,60614,41.88,36.75,100,0.9,IL,35580,6498350,182.6405284,35580,6616705,185.96697580000003,32610,5433672,166.625943
222,222,60617,41.68,37.24,100,0.9,IL,34970,1248039,35.68884758,34970,1257826,35.96871604,22880,687468,30.04667832
223,223,60618,42.01,36.91,93,0.9,IL,44710,2792654,62.46150749,44710,2838568,63.48843659,34480,1982716,57.50336427
224,224,60619,41.72,37.08,100,0.9,IL,29610,1017194,34.3530564,29610,1024444,34.59790611,19700,569603,28.91385787
225,225,60620,41.72,37.08,100,0.9,IL,31370,978048,31.1778132,31370,985213,31.40621613,20320,509895,25.09325787
226,226,60622,41.88,36.75,100,0.9,IL,28610,2320429,81.10552254,28610,2360115,82.49265991,24000,1822432,75.93466667
227,227,60623,41.85,37.04,93,0.9,IL,32970,846615,25.67834395,32970,853577,25.88950561,17760,319558,17.99313063
228,228,60625,42.01,36.91,93,0.9,IL,36420,1880692,51.63898957,36420,1911845,52.49437122,27040,1266742,46.84696746
229,229,60628,41.66,37.26,100,0.9,IL,30540,982060,32.15651604,30540,989744,32.4081205,19340,518128,26.79048604
230,230,60629,41.73,37.08,100,0.9,IL,46720,1484727,31.77925942,46720,1494568,31.98989726,29910,684493,22.885088600000003
231,231,60630,41.97,37.04,93,0.9,IL,27280,1389838,50.94714076,27280,1407165,51.58229472,20830,909778,43.67633221
232,232,60632,41.85,37.04,93,0.9,IL,36210,1089435,30.08657829,36210,1097381,30.30602044,22600,467921,20.70446903
233,233,60634,41.97,37.06,93,0.9,IL,38110,1628427,42.72965101,38110,1645032,43.16536342,27600,982031,35.58083333
234,234,60638,41.76,36.86,100,0.9,IL,27340,1360853,49.77516459,27340,1371346,50.15896123,21320,869066,40.76294559
235,235,60639,41.88,37.04,93,0.9,IL,38160,1120068,29.35188679,38160,1127430,29.54481132,23950,489193,20.42559499
236,236,60640,42.01,36.91,93,0.9,IL,34880,2082853,59.71482225,34880,2120614,60.79741972,28090,1526922,54.35820577
237,237,60641,41.97,37.06,93,0.9,IL,34020,1430424,42.04656085,34020,1448140,42.56731335,23960,862483,35.99678631
238,238,60647,41.88,37.04,93,0.9,IL,43260,2410673,55.7252196,43260,2448272,56.59435969,33800,1714618,50.728343200000005
239,239,60651,41.88,37.04,93,0.9,IL,27110,745628,27.50379934,27110,751781,27.73076356,16290,336922,20.68275015
240,240,60657,41.88,36.57,93,0.9,IL,40580,4299922,105.9616067,40580,4373597,107.7771562,37200,3518988,94.59645161
241,241,60804,41.85,37.04,93,0.9,IL,33030,997316,30.19424765,33030,1003517,30.38198607,21130,427622,20.23767156
242,242,46227,39.68,46.2,93,0.9,IN,26620,1010525,37.96111946,26620,1020418,38.33275733,18870,593071,31.42930578
243,243,46307,41.42,39.04,100,0.9,IN,30620,2068189,67.54372959,30620,2094899,68.41603527,24780,1462386,59.01476998
244,244,66061,38.88,45.61,100,0.9,KS,26270,1891026,71.98424058,26270,1916634,72.95904073,21260,1329262,62.52408278
245,245,66062,38.88,45.61,100,0.9,KS,34770,2648249,76.16476848,34770,2683351,77.17431694,29070,1890534,65.03384933
246,246,20744,38.75,38.3,86,0.9,MD,28390,1767735,62.26611483,28390,1779887,62.69415287,22890,1100896,48.09506335
247,247,20783,39.0,38.37,93,0.9,MD,30440,817732,26.86373193,30440,825413,27.11606439,16120,381786,23.68399504
248,248,20874,39.14,37.92,93,0.9,MD,29790,1987440,66.71500504,29790,2011052,67.50762001,23930,1336964,55.86978688
249,249,20878,39.11,38.25,93,0.9,MD,30410,3125578,102.7812562,30410,3180514,104.5877672,25080,2290703,91.3358453
250,250,20902,39.04,38.37,93,0.9,MD,27740,1517908,54.71910598,27740,1539888,55.51146359,19940,983214,49.30862588
251,251,20904,39.08,38.37,93,0.9,MD,29450,1837834,62.4052292,29450,1860326,63.16896435,22840,1209171,52.94093695
252,252,20906,39.08,38.37,93,0.9,MD,37680,1989790,52.80759023,37680,2013135,53.42714968,27510,1266113,46.02373682
253,253,21061,39.16,38.3,94,0.9,MD,27750,1311774,47.27113514,27750,1321438,47.61938739,21620,812189,37.56655874
254,254,21117,39.41,38.23,92,0.9,MD,27910,2268563,81.28136869,27910,2304408,82.56567539,22850,1602026,70.11054705
255,255,21122,39.12,38.21,90,0.9,MD,30040,2136716,71.12902796,30040,2157124,71.80838881,25250,1451198,57.47318812
256,256,21222,39.26,38.21,94,0.9,MD,26570,1061479,39.95028227,26570,1067708,40.18471961,19790,616539,31.15406771
257,257,21224,39.26,38.21,94,0.9,MD,28310,1288713,45.52147651,28310,1305902,46.12864712,19180,845880,44.10218978
258,258,21234,39.38,37.89,92,0.9,MD,35580,1787214,50.23086003,35580,1803212,50.68049466,28800,1131885,39.3015625
259,259,21740,39.62,36.7,74,0.9,MD,26690,1155003,43.2747471,26690,1166156,43.69261896,19500,696657,35.726
260,260,48044,42.66,37.76,59,0.9,MI,25690,1735214,67.54433632,25690,1753195,68.24425847,20940,1201936,57.39904489
261,261,48103,42.31,37.53,74,0.9,MI,27210,2448218,89.97493569,27210,2490359,91.52366777,22930,1872141,81.64592237
262,262,48180,42.23,37.4,59,0.9,MI,30480,1124363,36.88854987,30480,1132499,37.155479,21340,662999,31.06836926
263,263,48185,42.32,37.54,59,0.9,MI,26080,1018759,39.06284509,26080,1027375,39.39321319,19560,629759,32.19626789
264,264,48197,42.24,37.54,74,0.9,MI,28490,1398202,49.07693928,28490,1415201,49.67360477,21730,920416,42.35692591
265,265,55124,44.73,31.66,96,0.75,MN,26200,1890149,72.14309159999999,26200,1915901,73.12599237,21750,1336619,61.45374713
266,266,55901,44.02,31.77,99,0.9,MN,26390,1619968,61.38567639,26390,1637998,62.06888973,22010,1119794,50.87660154
267,267,63021,38.59,52.83,100,0.9,MO,28070,2252064,80.23028144,28070,2286677,81.46337727,23230,1643756,70.76005166
268,268,63123,38.55,52.57,100,0.9,MO,26980,1310229,48.56297257,26980,1326001,49.14755374,21630,856524,39.59889043
269,269,63129,38.47,53.13,100,0.9,MO,27820,1832134,65.85672178,27820,1857493,66.76826024,23010,1287944,55.97322903
270,270,63376,38.8,51.46,100,0.9,MO,37840,2215341,58.54495243,37840,2238485,59.15658034,31360,1504557,47.97694515
271,271,65203,38.95,47.95,87,0.9,MO,25990,1884659,72.51477491,25990,1917825,73.79088111,21210,1373417,64.75327676
272,272,89031,36.19,48.49,31,0.01,NV,29440,1308232,44.43722826,29440,1317990,44.76868207,22970,770181,33.52986504
273,273,89108,36.19,48.49,31,0.01,NV,30750,1054318,34.28676423,30750,1063011,34.56946341,21420,545687,25.47558357
274,274,89110,36.21,48.47,31,0.01,NV,29290,1025411,35.00891089,29290,1032431,35.24858313,19630,503547,25.65191034
275,275,89117,36.14,48.49,25,0.01,NV,27670,2005944,72.49526563,27670,2036380,73.59522949,22240,1450993,65.24249101
276,276,89121,36.13,48.92,25,0.01,NV,28140,1021704,36.30788913,28140,1030136,36.60753376,20030,566991,28.30708937
277,277,89123,36.05,48.56,24,0.01,NV,27670,1541722,55.71817853,27670,1559647,56.36599205,22750,1043918,45.88650549
278,278,89147,36.14,48.49,25,0.01,NV,25320,1233393,48.71220379,25320,1246239,49.21954976,20050,771918,38.49965087
279,279,87111,35.14,38.1,32,0.01,NM,27490,2071103,75.34023281,27490,2101463,76.44463441,22940,1505912,65.64568439
280,280,87114,35.16,39.85,32,0.01,NM,27470,1580498,57.53542046,27470,1597669,58.16050237,22430,1043647,46.52906821
281,281,87120,35.16,39.87,32,0.01,NM,27200,1526284,56.11338235,27200,1542677,56.71606618,22290,1015418,45.55486765
282,282,87121,35.01,39.83,32,0.01,NM,29460,941765,31.96758316,29460,948281,32.18876443,19990,446433,22.33281641
283,283,10002,40.73,38.37,69,0.01,NY,43410,2002349,46.12644552,43410,2033619,46.84678645,25490,1347603,52.86790898
284,284,10003,40.73,38.37,69,0.01,NY,29340,6135126,209.104499,29340,6229147,212.30903199999997,26080,4984488,191.1230061
285,285,10009,40.73,38.37,69,0.01,NY,32170,2299944,71.49344109,32170,2336842,72.64041032,26040,1728734,66.38763441
286,286,10011,40.73,38.37,69,0.01,NY,30420,7422443,243.9987837,30420,7536603,247.7515779,27030,5976608,221.1101739
287,287,10016,40.73,38.37,69,0.01,NY,30970,8730077,281.88818210000005,30970,8814856,284.62563769999997,27930,5085693,182.0871106
288,288,10023,40.79,38.35,69,0.01,NY,33900,10708893,315.8965487,33900,10861855,320.4087021,29980,8628787,287.8181121
289,289,10024,40.79,38.35,69,0.01,NY,30820,9152767,296.9749189,30820,9317798,302.3295912,27140,7219049,265.9929624
290,290,10025,40.79,38.35,69,0.01,NY,46200,6051861,130.99266229999998,46200,6184796,133.8700433,38300,4693728,122.5516449
291,291,10027,40.83,38.43,69,0.01,NY,26780,1396419,52.14410007,26780,1417654,52.93704257,18890,952917,50.44557967
292,292,10028,40.79,38.35,69,0.01,NY,25370,8970406,353.5832085,25370,9092931,358.41273160000003,22910,7197520,314.1649935
293,293,10029,40.83,38.43,69,0.01,NY,34300,1714185,49.97623907,34300,1736681,50.63209913,22910,1152482,50.30475775
294,294,10031,40.83,38.43,69,0.01,NY,28740,1001265,34.83872651,28740,1014945,35.31471816,19290,599141,31.05966822
295,295,10032,40.85,38.43,69,0.01,NY,31540,1001227,31.74467343,31540,1014325,32.15995561,20180,565757,28.03553023
296,296,10033,40.86,38.35,69,0.01,NY,27110,1067109,39.36219107,27110,1085242,40.03105865,17840,662933,37.15992152
297,297,10128,40.79,38.35,69,0.01,NY,32510,10821609,332.870163,32510,10972659,337.51642569999996,29020,8375493,288.6110613
298,298,10306,40.6,38.3,69,0.01,NY,25970,1745314,67.20500578,25970,1763456,67.90358106,20770,1151024,55.41762157
299,299,10312,40.58,38.37,69,0.01,NY,28440,2146508,75.47496484,28440,2167264,76.204782,23500,1434540,61.04425532
300,300,10314,40.6,38.3,69,0.01,NY,39620,2592527,65.43480565,39620,2619150,66.10676426,31560,1700378,53.87762991
301,301,10452,40.85,38.43,69,0.01,NY,35350,867413,24.53785007,35350,875934,24.77889675,19900,372748,18.73105528
302,302,10453,40.86,38.35,69,0.01,NY,37070,876875,23.65457243,37070,885440,23.8856218,19960,367513,18.41247495
303,303,10456,40.85,38.43,69,0.01,NY,38800,916804,23.62896907,38800,925728,23.85896907,20870,374406,17.93991375
304,304,10457,40.86,38.35,69,0.01,NY,31770,757012,23.82788794,31770,764660,24.06861819,16770,317489,18.93196184
305,305,10458,40.91,38.12,64,0.9,NY,33010,857682,25.98249015,33010,866120,26.23810966,18600,396748,21.33053763
306,306,10462,40.9,38.17,69,0.01,NY,38370,1482923,38.64798019,38370,1495011,38.96301798,27730,866474,31.24680851
307,307,10463,40.89,38.41,69,0.01,NY,33220,1978706,59.56369657,33220,2003887,60.32170379,24840,1342122,54.03067633
308,308,10466,40.9,38.17,69,0.01,NY,31640,1122503,35.47733881,31640,1129756,35.70657396,21890,594528,27.15979899
309,309,10467,40.91,38.12,64,0.9,NY,42930,1357285,31.61623573,42930,1368864,31.88595388,27530,710802,25.81917908
310,310,10468,40.89,38.3,69,0.01,NY,35240,944103,26.79066402,35240,952553,27.03044835,20390,448173,21.98003923
311,311,10469,40.9,38.17,64,0.9,NY,31030,1303391,42.00422172,31030,1313311,42.32391234,22480,744109,33.10093416
312,312,10472,40.9,38.17,69,0.01,NY,27360,750631,27.43534357,27360,757519,27.68709795,15770,355721,22.55681674
313,313,10473,40.83,38.17,64,0.9,NY,27320,983107,35.98488287,27320,989518,36.21954612,18870,538994,28.56354001
314,314,10701,40.95,38.19,64,0.9,NY,28220,1241251,43.98479802,28220,1253549,44.42058824,19660,754120,38.35808749
315,315,11201,40.69,38.37,69,0.01,NY,29680,5112729,172.26175880000002,29680,5197678,175.1239218,25630,4098849,159.9238783
316,316,11203,40.69,38.37,69,0.01,NY,36830,1346763,36.56701059,36830,1355634,36.80787402,26310,735666,27.96145952
317,317,11204,40.69,38.37,69,0.01,NY,31820,1606891,50.49940289,31820,1629709,51.21649906,18920,902117,47.68060254
318,318,11206,40.73,38.37,69,0.01,NY,35070,1146373,32.68813801,35070,1162178,33.1388081,22460,641845,28.57724844
319,319,11207,40.73,38.37,69,0.01,NY,41190,1206549,29.29227968,41190,1216052,29.52299102,25420,589617,23.19500393
320,320,11208,40.73,38.37,69,0.01,NY,41860,1179525,28.17785475,41860,1189242,28.40998567,25050,544696,21.7443513
321,321,11209,40.69,38.37,69,0.01,NY,33670,2276910,67.62429462,33670,2309786,68.6007128,25900,1609904,62.158455599999996
322,322,11210,40.69,38.37,69,0.01,NY,29050,1888103,64.99493976,29050,1917008,65.98994836,21280,1149392,54.01278195
323,323,11211,40.73,38.37,69,0.01,NY,30520,1791794,58.70884666,30520,1822086,59.70137615,22470,1283846,57.13600356
324,324,11212,40.69,38.37,69,0.01,NY,36910,1043007,28.25811433,36910,1050854,28.47071254,22710,497721,21.91638045
325,325,11213,40.69,38.37,69,0.01,NY,28280,964964,34.12178218,28280,975809,34.50526874,18760,517693,27.59557569
326,326,11214,40.69,38.37,69,0.01,NY,38430,1563213,40.67689305,38430,1582385,41.17577413,24510,928692,37.89033048
327,327,11215,40.69,38.37,69,0.01,NY,34930,3882566,111.15276270000001,34930,3965200,113.5184655,30310,3009646,99.29548004
328,328,11216,40.69,38.37,69,0.01,NY,27520,1096986,39.86140988,27520,1112530,40.42623547,20480,695026,33.93681641
329,329,11218,40.69,38.37,69,0.01,NY,32840,1624318,49.46157125,32840,1652281,50.31306334,22040,1030428,46.75263158
330,330,11219,40.69,38.37,69,0.01,NY,33100,1364843,41.23392749,33100,1386109,41.87640483,14790,675508,45.67329277
331,331,11220,40.69,38.37,69,0.01,NY,51970,1360015,26.16923225,51970,1377267,26.501193,22760,633108,27.81669596
332,332,11221,40.73,38.37,69,0.01,NY,36490,1166455,31.96642916,36490,1178856,32.30627569,24480,640326,26.15710784
333,333,11223,40.69,38.37,69,0.01,NY,31240,1971512,63.10857875,31240,1996061,63.89439821,20230,1258850,62.22689076
334,334,11225,40.69,38.37,69,0.01,NY,29940,1228231,41.02307949,29940,1243230,41.5240481,22120,749682,33.89159132
335,335,11226,40.69,38.37,69,0.01,NY,50400,1722653,34.17962302,50400,1741717,34.55787698,34560,955483,27.64707755
336,336,11229,40.69,38.37,69,0.01,NY,34960,1922566,54.99330664,34960,1951637,55.82485698,24540,1225731,49.94828851
337,337,11230,40.69,38.37,69,0.01,NY,33900,2177511,64.23336283,33900,2217478,65.41233038,22740,1385747,60.938742299999994
338,338,11233,40.73,38.37,69,0.01,NY,29660,1017712,34.31260958,29660,1027186,34.63202967,19950,559758,28.05804511
339,339,11234,40.69,38.37,69,0.01,NY,41180,2423833,58.85947062,41180,2449778,59.48950947,31890,1516801,47.56353089
340,340,11235,40.69,38.37,69,0.01,NY,36820,1925904,52.30592070000001,36820,1954368,53.07897882,25100,1254966,49.99864542
341,341,11236,40.69,38.37,69,0.01,NY,46150,1837123,39.80764897,46150,1849528,40.07644637,33640,1000968,29.75529132
342,342,11238,40.69,38.37,69,0.01,NY,29270,2064377,70.52876666,29270,2102096,71.81742398,24370,1521860,62.44809192
343,343,11354,40.79,38.17,69,0.01,NY,28390,1008807,35.53388517,28390,1023869,36.06442409,15440,583770,37.80893782
344,344,11355,40.79,38.17,69,0.01,NY,47600,1287291,27.04392857,47600,1307545,27.46943277,21020,642558,30.56888677
345,345,11368,40.73,38.37,69,0.01,NY,46510,1252689,26.93375618,46510,1266352,27.22752096,25640,568459,22.17078783
346,346,11372,40.73,38.37,69,0.01,NY,34560,1379743,39.92311921,34560,1399272,40.48819444,22680,831925,36.68099647
347,347,11373,40.73,38.37,69,0.01,NY,49090,1540367,31.37842738,49090,1559337,31.76486046,28540,811153,28.42161878
348,348,11375,40.72,38.23,69,0.01,NY,35280,2958154,83.84790249,35280,3006605,85.22123016,28940,2162052,74.70808569
349,349,11377,40.73,38.37,69,0.01,NY,44400,1672212,37.66243243,44400,1692841,38.12704955,28800,982957,34.13045139
350,350,11385,40.73,38.37,69,0.01,NY,47450,1929001,40.65334036,47450,1948325,41.06059009,33430,1141610,34.14926713
351,351,11432,40.72,38.23,69,0.01,NY,27300,1190643,43.6132967,27300,1206344,44.18842491,17640,697660,39.54988662
352,352,11434,40.69,38.23,69,0.01,NY,31030,1224601,39.46506607,31030,1232331,39.71417983,23250,683059,29.37888172
353,353,11435,40.72,38.23,69,0.01,NY,25610,981022,38.30620851,25610,990811,38.68844201,17170,559645,32.59435061
354,354,11550,40.71,38.17,69,0.01,NY,28050,1067478,38.05625668,28050,1075596,38.34566845,18880,580552,30.74957627
355,355,11590,40.76,38.05,69,0.01,NY,25050,1567949,62.59277445,25050,1586197,63.32123752,19090,1027872,53.84347826
356,356,11706,40.73,38.16,69,0.9,NY,31660,1661901,52.49213519,31660,1678272,53.00922299,24200,1017586,42.04900826
357,357,11717,40.78,38.1,64,0.01,NY,31740,1084585,34.17091997,31740,1090746,34.36502836,22890,538582,23.52913936
358,358,11746,40.8,38.1,64,0.01,NY,33360,3077723,92.25788369,33360,3137308,94.0440048,26200,2193055,83.70438931
359,359,11758,40.66,37.99,69,0.01,NY,28390,2500277,88.06893272,28390,2530596,89.13687918,23570,1742278,73.9193042
360,360,14221,42.96,39.61,60,0.75,NY,27280,2385456,87.44340176,27280,2440209,89.45047654,22690,1771271,78.06394888
361,361,14580,43.21,38.53,44,0.01,NY,26670,1866237,69.97514061,26670,1895586,71.07559055,21840,1302765,59.65041209
362,362,27406,36.02,39.2,100,0.9,NC,25570,977487,38.22788424,25570,988427,38.65572937,17530,551366,31.45270964
363,363,27410,36.1,39.2,100,0.9,NC,26460,1927640,72.85109599,26460,1961730,74.13945578,21790,1357646,62.30592015
364,364,27587,35.98,41.59,100,0.9,NC,25290,2098857,82.9915777,25290,2129587,84.20668248,20650,1465304,70.95903148
365,365,27610,35.76,41.99,100,0.9,NC,29850,1030921,34.53671692,29850,1041148,34.87932998,19880,525264,26.42173038
366,366,28027,35.42,41.61,100,0.9,NC,27470,1688887,61.48114307,27470,1707679,62.1652348,21340,1110065,52.01804124
367,367,28215,35.25,42.31,100,0.9,NC,25360,952659,37.56541798,25360,963099,37.97708991,17200,516265,30.01540698
368,368,28269,35.28,41.99,100,0.9,NC,35230,1880217,53.36977008,35230,1900747,53.95251206,27610,1198245,43.39894966
369,369,28277,35.08,42.58,100,0.9,NC,29870,3342968,111.91724140000001,29870,3394434,113.64024099999999,25490,2525195,99.06610435
370,370,58103,46.88,23.23,85,0.9,ND,25240,1321812,52.36973059,25240,1343615,53.23355784,20750,929338,44.78737349
371,371,43026,40.03,47.23,93,0.9,OH,29030,1908134,65.72972787,29030,1933238,66.59448846,24180,1319091,54.55297767
372,372,43055,40.06,47.62,93,0.9,OH,27800,1194229,42.9578777,27800,1207037,43.41859712,20650,741617,35.91365617
373,373,43068,39.95,47.3,93,0.9,OH,27060,1213422,44.84190687,27060,1225820,45.30007391,21350,752371,35.23985948
374,374,43081,40.13,46.96,93,0.9,OH,30730,1863383,60.63726001,30730,1889814,61.49736414,25940,1288507,49.67259059
375,375,43123,39.88,47.23,93,0.9,OH,30950,1654690,53.46332795,30950,1672076,54.02507270000001,25570,1084581,42.41615174
376,376,43130,39.71,48.99,93,0.9,OH,26550,1246283,46.94097928,26550,1261694,47.52143126,20180,790381,39.16655104
377,377,43228,39.95,47.23,93,0.9,OH,25320,932195,36.81654818,25320,941964,37.20236967,18260,538446,29.48773275
378,378,43229,40.09,46.85,93,0.9,OH,25570,864877,33.82389519,25570,873381,34.15647243,18180,483210,26.57920792
379,379,43230,40.02,47.1,93,0.9,OH,28580,1777366,62.18915325,28580,1802608,63.07235829,24180,1239256,51.25128205
380,380,44035,41.37,43.39,81,0.9,OH,30140,1207872,40.07538155,30140,1219186,40.45076311,22660,743882,32.82797882
381,381,44060,41.69,45.36,75,0.9,OH,32870,1949180,59.29966535,32870,1974956,60.08384545,27120,1354073,49.92894543
382,382,44077,41.69,43.84,75,0.9,OH,27960,1555999,55.65089413,27960,1576363,56.37922031,21980,1050471,47.79212921
383,383,44107,41.48,43.57,75,0.9,OH,27750,1359481,48.99030631,27750,1383539,49.85726126,22370,924825,41.34219937
384,384,44130,41.4,44.19,87,0.9,OH,27890,1258772,45.13345285,27890,1272284,45.61792757,22210,816132,36.74615038
385,385,44256,41.14,43.39,87,0.9,OH,31390,2224800,70.87607518,31390,2258131,71.93791016,25820,1590364,61.59426801
386,386,45011,39.41,50.81,100,0.9,OH,30820,1776236,57.63257625,30820,1797099,58.30950681,23590,1190929,50.48448495
387,387,45069,39.33,50.88,100,0.9,OH,25100,1983649,79.02984064,25100,2011551,80.1414741,20900,1452469,69.4961244
388,388,45140,39.25,51.44,81,0.9,OH,25910,2183233,84.26217677,25910,2216952,85.56356619,21400,1610541,75.25892523
389,389,45840,41.04,41.18,93,0.9,OH,26860,1545218,57.528592700000004,26860,1564609,58.25052122,21200,1070450,50.49292453
390,390,73099,35.51,57.88,50,0.75,OK,29930,1929275,64.45957234,29930,1950800,65.17875042,25340,1320131,52.09672455
391,391,74012,36.05,63.52,31,0.75,OK,27460,1661775,60.51620539,27460,1684488,61.34333576,22380,1119801,50.03579088
392,392,97006,45.49,44.82,81,0.9,OR,30700,1820627,59.30381107,30700,1844464,60.08026059,25230,1209690,47.94649227
393,393,97007,45.42,45.07,81,0.9,OR,31520,2155777,68.39394036,31520,2190707,69.50212563,25920,1444135,55.71508488
394,394,97229,45.49,44.82,81,0.9,OR,27430,3246847,118.3684652,27430,3297329,120.20885890000001,23700,2429523,102.51151899999999
395,395,97701,44.06,44.01,45,0.75,OR,29050,2010117,69.19507745,29050,2062373,70.99390706,22980,1377119,59.92684943
396,396,15601,40.3,36.97,100,0.9,PA,28780,1766874,61.3924253,28780,1794885,62.36570535,22630,1262680,55.796730000000004
397,397,17331,39.81,38.12,80,0.9,PA,26600,1450449,54.52815789,26600,1470100,55.26691729,20820,965272,46.36272815
398,398,17601,40.08,37.6,69,0.9,PA,26240,1920494,73.18955793,26240,1955209,74.51253811,20920,1387525,66.32528681
399,399,17603,40.01,37.42,80,0.9,PA,31120,1540364,49.49755784,31120,1564878,50.28528278,22960,1024674,44.62865854
400,400,19020,40.11,39.49,69,0.9,PA,28240,1554500,55.04603399,28240,1574751,55.76313739,22330,1041241,46.629690999999994
401,401,19067,40.19,39.2,69,0.9,PA,26300,2675327,101.7234601,26300,2719184,103.39102659999999,21800,2022576,92.7787156
402,402,19111,40.06,39.33,69,0.9,PA,29360,1193525,40.65139646,29360,1204930,41.03985014,21570,698212,32.36958739
403,403,19120,40.05,39.49,69,0.9,PA,29990,852113,28.41323775,29990,859008,28.64314772,19980,402615,20.1509009
404,404,19124,40.05,39.49,69,0.9,PA,26930,757607,28.13245451,26930,764080,28.37281842,16890,353658,20.93889876
405,405,19143,39.94,39.47,69,0.9,PA,28030,873711,31.17056725,28030,882904,31.49853728,18780,475507,25.31986155
406,406,19380,39.98,39.22,69,0.9,PA,25730,2435873,94.67054023,25730,2473108,96.11768364,21380,1850750,86.5645463
407,407,19446,40.25,39.56,69,0.9,PA,28540,2190852,76.76426069,28540,2222134,77.86033637,23130,1594211,68.92395158
408,408,29445,33.04,57.74,87,0.9,SC,26800,1172641,43.75526119,26800,1184879,44.21190299,20840,707711,33.95926104
409,409,29483,33.02,56.23,87,0.9,SC,32350,1579001,48.80992272,32350,1598314,49.40692427,24800,975379,39.32979839
410,410,29732,34.97,42.6,100,0.9,SC,26270,1504636,57.27582794,26270,1524307,58.02462885,20650,980587,47.48605327
411,411,37013,36.06,61.02,87,0.9,TN,39920,1514020,37.92635271,39920,1531842,38.37279559,29960,869432,29.01975968
412,412,37027,36.0,60.39,87,0.9,TN,25480,4058278,159.2730769,25480,4143620,162.622449,21610,3382470,156.52336880000001
413,413,37042,36.61,59.04,100,0.75,TN,30540,1070276,35.04505566,30540,1081185,35.40225933,21640,564073,26.06621996
414,414,37075,36.31,61.16,87,0.9,TN,29600,1950637,65.89989865,29600,1987391,67.14158784,23770,1380887,58.09368952
415,415,37167,35.96,60.8,88,0.9,TN,25020,1212312,48.45371703,25020,1225816,48.99344524,19750,779397,39.46313924
416,416,37211,36.07,61.02,87,0.9,TN,37380,1521801,40.71163724,37380,1545995,41.35888175,27140,939564,34.61915991
417,417,75002,33.1,68.13,20,0.01,TX,28990,2416324,83.35025871,28990,2444222,84.31259055,23910,1778468,74.38176495
418,418,75007,33.03,68.0,16,0.05,TX,26020,1664164,63.95710992,26020,1685000,64.75787855,20820,1170684,56.22881844
419,419,75040,32.91,68.11,20,0.01,TX,27790,1108890,39.90248291,27790,1120342,40.31457359,19830,636702,32.10801815
420,420,75043,32.85,68.11,20,0.01,TX,27460,1251287,45.56762564,27460,1264210,46.03823744,20540,770509,37.51260954
421,421,75052,32.66,67.89,16,0.05,TX,41030,2031552,49.51381916,41030,2050202,49.96836461,31770,1267193,39.88646522
422,422,75056,33.09,67.89,16,0.05,TX,26180,2014875,76.96237586,26180,2037900,77.84186402,21670,1484023,68.48283341
423,423,75067,33.05,67.69,16,0.05,TX,31470,1457494,46.31375914,31470,1472056,46.77648554,24700,932961,37.77170039999999
424,424,75070,33.2,67.64,20,0.01,TX,38800,3711131,95.64770619,38800,3756700,96.82216495,33190,2801984,84.42253691
425,425,75150,32.81,68.25,16,0.05,TX,27280,1037291,38.02386364,27280,1046951,38.37796921,19880,592607,29.80920523
426,426,75211,32.74,67.89,16,0.05,TX,29370,865846,29.48062649,29370,872600,29.71058904,18890,377564,19.98750662
427,427,75217,32.73,68.13,16,0.05,TX,32470,852952,26.26892516,32470,860055,26.48768094,18720,317913,16.98253205
428,428,75228,32.84,68.0,16,0.05,TX,28960,997987,34.46087707,28960,1008903,34.83781077,18720,536602,28.66463675
429,429,75243,32.91,68.09,16,0.05,TX,28330,1253437,44.24415814,28330,1272866,44.92996823,18810,801657,42.61866029
430,430,75287,33.03,68.0,16,0.05,TX,28410,1703831,59.97293207,28410,1731094,60.93255896,23230,1242257,53.47640981
431,431,76028,32.54,68.0,16,0.05,TX,28530,1827996,64.07276551,28530,1847793,64.76666667,23180,1266274,54.62786885
432,432,76063,32.56,68.11,16,0.05,TX,29310,2224970,75.91163425,29310,2249548,76.75018765,23860,1588892,66.59228835
433,433,76137,32.86,67.78,16,0.05,TX,26390,1412730,53.53277757,26390,1426967,54.07226222,21310,936398,43.941717499999996
434,434,76244,32.93,67.68,16,0.05,TX,28570,2078163,72.73934197,28570,2100329,73.51519076,24170,1435016,59.3717832
435,435,77036,29.72,72.66,27,0.01,TX,26660,773967,29.03102026,26660,784557,29.42824456,14970,375060,25.05410822
436,436,77077,29.71,72.66,27,0.01,TX,27250,2770568,101.6722202,27250,2801694,102.8144587,22500,2277032,101.20142220000001
437,437,77082,29.71,72.66,27,0.01,TX,25500,1518982,59.56792157,25500,1538327,60.32654902,18870,1092685,57.90593535
438,438,77083,29.69,72.5,28,0.0,TX,32810,1250100,38.10118866,32810,1264487,38.53968302,22610,701278,31.01627598
439,439,77084,29.78,72.39,28,0.0,TX,45780,2387697,52.15589777,45780,2413378,52.71686326,34980,1591957,45.51049171
440,440,77095,29.9,72.48,27,0.01,TX,31860,2452615,76.98101067,31860,2481776,77.8962963,26070,1829091,70.16075949
441,441,77346,30.0,72.14,29,0.01,TX,26120,2158680,82.64471669,26120,2181505,83.51856815,21800,1587561,72.82389908
442,442,77373,30.02,72.25,46,0.01,TX,26040,1348739,51.79489247,26040,1360741,52.25579877,20420,881196,43.15357493
443,443,77379,30.05,72.25,28,0.0,TX,34130,3626560,106.2572517,34130,3669734,107.5222385,28290,2859894,101.09204670000001
444,444,77429,29.97,72.48,28,0.0,TX,34950,3591849,102.771073,34950,3634912,104.0032046,29270,2827892,96.61400752
445,445,77433,29.97,72.48,28,0.0,TX,29030,2757041,94.97213228,29030,2786034,95.97085773,24180,2072228,85.70008271
446,446,77449,29.78,72.39,28,0.0,TX,46030,2132746,46.33382577,46030,2153905,46.79350424,34920,1299745,37.22064719
447,447,77450,29.74,72.41,28,0.0,TX,31230,3295618,105.5273135,31230,3332590,106.71117520000001,25800,2629904,101.9342636
448,448,77459,29.56,72.57,40,0.01,TX,29560,3045477,103.02696209999999,29560,3082076,104.265088,24670,2351469,95.31694366
449,449,77479,29.57,72.5,28,0.0,TX,34810,5117563,147.0141626,34810,5187511,149.02358519999999,29580,4249719,143.66866130000002
450,450,77494,29.79,71.78,33,0.0,TX,35770,4944626,138.2338831,35770,4993431,139.5982947,31220,3981253,127.5225176
451,451,77573,29.51,72.39,40,0.01,TX,35140,3083638,87.75293113,35140,3115598,88.66243597,29850,2330302,78.06706868
452,452,77584,29.56,72.41,40,0.01,TX,33730,3002679,89.02101986,33730,3033228,89.92671213,28760,2251016,78.2689847
453,453,78045,27.65,75.2,19,0.01,TX,25950,1468717,56.59795761,25950,1484392,57.20200385,19120,965535,50.49869247
454,454,78130,29.72,75.88,23,0.01,TX,31340,1688301,53.870484999999995,31340,1710339,54.57367581,24400,1137787,46.63061475
455,455,78228,29.49,75.42,16,0.01,TX,25750,791750,30.74757282,25750,798117,30.99483495,17010,409618,24.08101117
456,456,78240,29.5,74.32,18,0.01,TX,25940,1208147,46.57467232,25940,1220982,47.069468,20790,804327,38.68816739
457,457,78245,29.33,75.45,16,0.01,TX,31140,1310591,42.08705845,31140,1321353,42.43265896,24330,763525,31.38203864
458,458,78250,29.5,74.32,18,0.01,TX,26190,1199705,45.80775105,26190,1210361,46.2146239,20850,757932,36.35165468
459,459,78251,29.5,74.32,18,0.01,TX,25310,1205201,47.61758198,25310,1215686,48.03184512,20480,766338,37.41884766
460,460,78521,25.92,82.42,61,0.01,TX,35610,1021498,28.68570626,35610,1032199,28.98621174,18890,460500,24.37797777
461,461,78572,26.22,79.59,61,0.01,TX,26960,1143385,42.41042285,26960,1156784,42.9074184,16560,652165,39.38194444
462,462,78577,26.17,79.59,61,0.01,TX,26930,815991,30.3004456,26930,823901,30.59417007,14930,361597,24.21949096
463,463,78613,30.52,71.94,12,0.01,TX,33040,2590406,78.40211864,33040,2622599,79.37648305,27870,1892429,67.90200933
464,464,78660,30.44,73.13,12,0.01,TX,35940,2046549,56.94348915,35940,2068514,57.55464663,29440,1374616,46.69211957
465,465,78664,30.51,70.88,12,0.01,TX,25760,1386828,53.83649068,25760,1401685,54.41323758,20690,927708,44.83847269
466,466,78666,29.88,75.2,12,0.01,TX,26140,1010037,38.63951798,26140,1023741,39.163771999999994,18810,627478,33.35874535
467,467,78745,30.23,73.65,12,0.01,TX,30820,1431450,46.44548994,30820,1451472,47.09513303,25100,976990,38.92390438
468,468,79912,31.83,51.8,25,0.01,TX,33550,2243584,66.8728465,33550,2277706,67.88989568,24940,1611383,64.61038492
469,469,79924,31.87,51.8,25,0.01,TX,25330,831126,32.81192262,25330,838197,33.09107777,16810,426873,25.39399167
470,470,79936,31.8,51.33,23,0.01,TX,48870,1988444,40.68843871,48870,2009076,41.11062001,34590,1152688,33.32431339
471,471,79938,31.82,51.17,23,0.01,TX,26870,1113550,41.44212877,26870,1124961,41.86680313,19010,600924,31.61094161
472,472,84015,31.34,39.04,52,0.01,UT,25250,1189764,47.11936634,25250,1198519,47.46609901,20230,681511,33.68813643
473,473,84095,40.56,30.81,58,0.9,UT,25110,1904413,75.84281163,25110,1930954,76.89980088,20940,1255481,59.9561127
474,474,20147,39.04,37.63,93,0.9,VA,27530,2931283,106.47595349999999,27530,2966759,107.76458410000001,23800,2173467,91.32214286
475,475,22003,38.84,38.35,93,0.9,VA,27370,2123758,77.59437340000001,27370,2153953,78.69758859999999,21930,1500336,68.41477428
476,476,22191,38.64,38.05,93,0.9,VA,31950,1807383,56.56910798,31950,1823461,57.07233177,25440,1137235,44.70263365
477,477,22192,38.66,38.17,93,0.9,VA,27380,2107671,76.97848795,27380,2128929,77.75489408,23360,1458985,62.45654966
478,478,22193,38.64,38.23,93,0.9,VA,36590,2245644,61.37316207,36590,2263494,61.86100027,29560,1433813,48.50517591
479,479,22204,38.86,38.37,93,0.9,VA,27040,1743035,64.46135355,27040,1765861,65.30551036,22660,1241875,54.80472198
480,480,22304,38.82,38.37,93,0.9,VA,25500,1977156,77.53552941,25500,2007362,78.72007843,21780,1454554,66.78393021
481,481,22407,38.29,39.06,100,0.9,VA,26590,1661099,62.47081609999999,26590,1677680,63.09439639,21340,1096552,51.38481724
482,482,23320,36.73,44.74,100,0.9,VA,27470,1605369,58.44080815,27470,1624852,59.15005461,22900,1053502,46.00445415
483,483,23322,36.63,44.76,100,0.9,VA,27710,2181231,78.71638398,27710,2207658,79.67008299999999,23300,1511806,64.88437768
484,484,23452,36.83,44.94,100,0.9,VA,29160,1725834,59.18497942,29160,1748662,59.96783265,23510,1162803,49.45993194
485,485,23454,36.84,44.94,100,0.9,VA,28770,2068533,71.89895725,28770,2097882,72.91908238,23450,1452154,61.92554371
486,486,23456,36.75,44.92,100,0.9,VA,25050,1834477,73.23261477,25050,1857715,74.16027944,20970,1245336,59.38655222
487,487,23462,36.84,44.74,100,0.9,VA,31170,1366806,43.85004812,31170,1382013,44.33792108,24620,836606,33.98074736
488,488,23464,36.8,44.74,100,0.9,VA,35720,1921758,53.8006159,35720,1941488,54.35296753,29340,1226224,41.79359237
489,489,23666,37.05,43.57,100,0.9,VA,25500,1150407,45.114,25500,1160868,45.52423529,20310,700987,34.51437715
490,490,98012,47.82,43.81,70,0.75,WA,28120,2297741,81.71198435,28120,2328280,82.79800853,24510,1690590,68.9755202
491,491,98052,47.67,43.88,70,0.75,WA,29820,3581486,120.1034876,29820,3620075,121.397552,26350,2928229,111.12823529999999
492,492,98103,47.67,43.93,70,0.75,WA,28150,2404789,85.42767318,28150,2446479,86.90866785,25220,1904388,75.511023
493,493,98115,47.68,43.88,70,0.75,WA,25370,2555944,100.7467087,25370,2603493,102.6209302,22380,2025368,90.49901698
494,494,98208,47.88,44.01,70,0.75,WA,25160,1570992,62.44006359,25160,1586069,63.03930843,21010,1078052,51.31137554
495,495,99301,46.24,36.39,97,0.01,WA,30210,1510011,49.98381331,30210,1532412,50.72532274,21620,926159,42.838066600000005
496,496,53215,43.01,33.19,100,0.9,WI,26380,770214,29.19689158,26380,774655,29.36523882,16840,330426,19.62149644
